{
  "generated_at": "2026-03-09T16:06:40.240199",
  "model_version": "2.0.0",
  "ticket": "TKT-142",
  "batter_clusters": {
    "n_clusters": 5,
    "n_players": 64,
    "feature_importance": {
      "overall_sr": {
        "variance": 266.53848404072335,
        "range": 50.44229800222374,
        "normalized_importance": 0.10475389890947924,
        "rank": 8
      },
      "overall_avg": {
        "variance": 55.30708285614702,
        "range": 21.857259459477632,
        "normalized_importance": 0.11576821501772307,
        "rank": 6
      },
      "overall_boundary": {
        "variance": 15.278895961982803,
        "range": 10.9684638215071,
        "normalized_importance": 0.12699901701070462,
        "rank": 2
      },
      "overall_dot": {
        "variance": 17.811757768537184,
        "range": 11.884169551214903,
        "normalized_importance": 0.12611568462150155,
        "rank": 3
      },
      "avg_batting_position": {
        "variance": 0.32826665926362086,
        "range": 1.6192319750380826,
        "normalized_importance": 0.12520124077481357,
        "rank": 4
      },
      "pp_sr": {
        "variance": 238.21531088927196,
        "range": 44.78131773788104,
        "normalized_importance": 0.11878891992533502,
        "rank": 5
      },
      "mid_sr": {
        "variance": 342.79917552349286,
        "range": 55.05056886418018,
        "normalized_importance": 0.11311394428495317,
        "rank": 7
      },
      "death_sr": {
        "variance": 163.67489189681467,
        "range": 31.588605844963013,
        "normalized_importance": 0.1640291917970723,
        "rank": 1
      }
    },
    "cluster_profiles": {
      "0": {
        "size": 13,
        "avg_sr": 154.2,
        "avg_position": 2.8,
        "top_players": [
          "MP Stoinis",
          "AD Russell",
          "Ishan Kishan",
          "N Rana",
          "JM Sharma"
        ],
        "distinguishing_features": [
          "death_sr",
          "overall_boundary",
          "overall_dot"
        ]
      },
      "1": {
        "size": 11,
        "avg_sr": 157.8,
        "avg_position": 2.7,
        "top_players": [
          "Shubman Gill",
          "JC Buttler",
          "V Kohli",
          "T Stubbs",
          "SA Yadav"
        ],
        "distinguishing_features": [
          "death_sr",
          "overall_boundary",
          "overall_dot"
        ]
      },
      "2": {
        "size": 8,
        "avg_sr": 128.1,
        "avg_position": 1.8,
        "top_players": [
          "KH Pandya",
          "S Dhawan",
          "D Padikkal",
          "Q de Kock",
          "MA Agarwal"
        ],
        "distinguishing_features": [
          "death_sr",
          "overall_boundary",
          "overall_dot"
        ]
      },
      "3": {
        "size": 27,
        "avg_sr": 147.0,
        "avg_position": 3.4,
        "top_players": [
          "S Dube",
          "HH Pandya",
          "V Shankar",
          "Abishek Porel",
          "DA Miller"
        ],
        "distinguishing_features": [
          "death_sr",
          "overall_boundary",
          "overall_dot"
        ]
      },
      "4": {
        "size": 5,
        "avg_sr": 178.5,
        "avg_position": 2.0,
        "top_players": [
          "N Pooran",
          "Abhishek Sharma",
          "PD Salt",
          "TM Head",
          "SP Narine"
        ],
        "distinguishing_features": [
          "death_sr",
          "overall_boundary",
          "overall_dot"
        ]
      }
    }
  },
  "bowler_clusters": {
    "n_clusters": 5,
    "n_players": 79,
    "feature_importance": {
      "overall_economy": {
        "variance": 0.4405727694924531,
        "range": 1.711714547953088,
        "normalized_importance": 0.150367842215969,
        "rank": 3
      },
      "overall_sr": {
        "variance": 40.204297223483174,
        "range": 16.655369166484633,
        "normalized_importance": 0.14493188757429373,
        "rank": 4
      },
      "overall_dot": {
        "variance": 19.55863319523613,
        "range": 13.576602631605148,
        "normalized_importance": 0.10610999351248554,
        "rank": 15
      },
      "pp_economy": {
        "variance": 14.936659381457323,
        "range": 9.873770856953612,
        "normalized_importance": 0.15321009749182773,
        "rank": 2
      },
      "pp_dot": {
        "variance": 89.92856247402275,
        "range": 27.216955938539687,
        "normalized_importance": 0.12139996198511147,
        "rank": 13
      },
      "mid_economy": {
        "variance": 0.6554344036267141,
        "range": 2.2564661546604805,
        "normalized_importance": 0.12872757443041893,
        "rank": 8
      },
      "mid_dot": {
        "variance": 2.322834526772129,
        "range": 4.3411648328546555,
        "normalized_importance": 0.12325533329307693,
        "rank": 11
      },
      "death_economy": {
        "variance": 1.2131450215172586,
        "range": 3.118576392379879,
        "normalized_importance": 0.12473833602649641,
        "rank": 10
      },
      "death_dot": {
        "variance": 13.6381793682309,
        "range": 10.574150224628948,
        "normalized_importance": 0.12197348873853919,
        "rank": 12
      },
      "pp_pct": {
        "variance": 279.376528865605,
        "range": 46.80880917992451,
        "normalized_importance": 0.12750720664194656,
        "rank": 9
      },
      "mid_pct": {
        "variance": 485.0135540681316,
        "range": 54.61819853083284,
        "normalized_importance": 0.16258449709956824,
        "rank": 1
      },
      "death_pct": {
        "variance": 69.99989104822806,
        "range": 22.680628078347347,
        "normalized_importance": 0.13607777829970633,
        "rank": 6
      },
      "pp_wickets": {
        "variance": 31.483205896958157,
        "range": 16.172899388304145,
        "normalized_importance": 0.12036582032276048,
        "rank": 14
      },
      "mid_wickets": {
        "variance": 54.99807998777709,
        "range": 20.147380515283814,
        "normalized_importance": 0.13549096957433424,
        "rank": 7
      },
      "death_wickets": {
        "variance": 33.74508338632087,
        "range": 15.420250226739858,
        "normalized_importance": 0.14191479146808256,
        "rank": 5
      }
    },
    "cluster_profiles": {
      "0": {
        "size": 1,
        "avg_economy": 9.95,
        "top_players": [
          "Washington Sundar"
        ],
        "distinguishing_features": [
          "mid_pct",
          "pp_economy",
          "overall_economy"
        ]
      },
      "1": {
        "size": 21,
        "avg_economy": 8.9,
        "top_players": [
          "MJ Santner",
          "MM Ali",
          "AR Patel",
          "R Sai Kishore",
          "Rashid Khan"
        ],
        "distinguishing_features": [
          "mid_pct",
          "pp_economy",
          "overall_economy"
        ]
      },
      "2": {
        "size": 19,
        "avg_economy": 9.65,
        "top_players": [
          "Mohammed Shami",
          "DL Chahar",
          "I Sharma",
          "JP Behrendorff",
          "JR Hazlewood"
        ],
        "distinguishing_features": [
          "mid_pct",
          "pp_economy",
          "overall_economy"
        ]
      },
      "3": {
        "size": 26,
        "avg_economy": 10.0,
        "top_players": [
          "A Nortje",
          "G Coetzee",
          "MM Sharma",
          "NT Ellis",
          "SN Thakur"
        ],
        "distinguishing_features": [
          "mid_pct",
          "pp_economy",
          "overall_economy"
        ]
      },
      "4": {
        "size": 12,
        "avg_economy": 8.29,
        "top_players": [
          "PWH de Silva",
          "SP Narine",
          "M Prasidh Krishna",
          "Ravi Bishnoi",
          "KH Pandya"
        ],
        "distinguishing_features": [
          "mid_pct",
          "pp_economy",
          "overall_economy"
        ]
      }
    }
  }
}
