{
  "generated_at": "2026-02-11T18:35:45.295405",
  "model_version": "2.0.0",
  "ticket": "TKT-142",
  "batter_clusters": {
    "n_clusters": 5,
    "n_players": 64,
    "feature_importance": {
      "overall_sr": {
        "variance": 184.21810882322538,
        "range": 39.725571619234614,
        "normalized_importance": 0.11673255985978401,
        "rank": 5
      },
      "overall_avg": {
        "variance": 48.34164473755019,
        "range": 20.3633338565696,
        "normalized_importance": 0.11657989484999716,
        "rank": 7
      },
      "overall_boundary": {
        "variance": 11.472948531147244,
        "range": 10.084776119641383,
        "normalized_importance": 0.11280868130964836,
        "rank": 8
      },
      "overall_dot": {
        "variance": 16.00385591156928,
        "range": 11.709146798481115,
        "normalized_importance": 0.11672775448081363,
        "rank": 6
      },
      "avg_batting_position": {
        "variance": 0.7898743433206821,
        "range": 2.1981259464053347,
        "normalized_importance": 0.163475570639963,
        "rank": 1
      },
      "pp_sr": {
        "variance": 186.50287665281434,
        "range": 37.619965912287455,
        "normalized_importance": 0.13177976824406284,
        "rank": 2
      },
      "mid_sr": {
        "variance": 211.01323238024247,
        "range": 41.835550632962295,
        "normalized_importance": 0.12056429508934184,
        "rank": 3
      },
      "death_sr": {
        "variance": 171.44216470846587,
        "range": 37.88954278275597,
        "normalized_importance": 0.11942050748647237,
        "rank": 4
      }
    },
    "cluster_profiles": {
      "0": {
        "size": 14,
        "avg_sr": 140.9,
        "avg_position": 3.5,
        "top_players": [
          "SO Hetmyer",
          "A Badoni",
          "KL Rahul",
          "DP Conway",
          "A Raghuvanshi"
        ],
        "distinguishing_features": [
          "avg_batting_position",
          "pp_sr",
          "mid_sr"
        ]
      },
      "1": {
        "size": 13,
        "avg_sr": 156.4,
        "avg_position": 2.5,
        "top_players": [
          "F du Plessis",
          "Shashank Singh",
          "SV Samson",
          "H Klaasen",
          "B Sai Sudharsan"
        ],
        "distinguishing_features": [
          "avg_batting_position",
          "pp_sr",
          "mid_sr"
        ]
      },
      "2": {
        "size": 21,
        "avg_sr": 152.6,
        "avg_position": 3.6,
        "top_players": [
          "Tilak Varma",
          "N Wadhera",
          "RK Singh",
          "VR Iyer",
          "R Parag"
        ],
        "distinguishing_features": [
          "avg_batting_position",
          "pp_sr",
          "mid_sr"
        ]
      },
      "3": {
        "size": 8,
        "avg_sr": 170.9,
        "avg_position": 1.8,
        "top_players": [
          "N Pooran",
          "YBK Jaiswal",
          "P Simran Singh",
          "Abhishek Sharma",
          "PD Salt"
        ],
        "distinguishing_features": [
          "avg_batting_position",
          "pp_sr",
          "mid_sr"
        ]
      },
      "4": {
        "size": 8,
        "avg_sr": 131.2,
        "avg_position": 1.4,
        "top_players": [
          "D Padikkal",
          "S Dhawan",
          "Q de Kock",
          "MA Agarwal",
          "RG Sharma"
        ],
        "distinguishing_features": [
          "avg_batting_position",
          "pp_sr",
          "mid_sr"
        ]
      }
    }
  },
  "bowler_clusters": {
    "n_clusters": 5,
    "n_players": 79,
    "feature_importance": {
      "overall_economy": {
        "variance": 0.34249589848459366,
        "range": 1.7881108951757092,
        "normalized_importance": 0.10711899174239467,
        "rank": 13
      },
      "overall_sr": {
        "variance": 7.042848830230608,
        "range": 8.342918690054965,
        "normalized_importance": 0.10118411667811218,
        "rank": 15
      },
      "overall_dot": {
        "variance": 15.12216083326127,
        "range": 9.506369283513173,
        "normalized_importance": 0.16733411495752634,
        "rank": 2
      },
      "pp_economy": {
        "variance": 0.1756098944564899,
        "range": 1.2704793063705253,
        "normalized_importance": 0.10879621600527455,
        "rank": 12
      },
      "pp_dot": {
        "variance": 10.346249449100608,
        "range": 9.336498835541562,
        "normalized_importance": 0.11869019690368057,
        "rank": 9
      },
      "mid_economy": {
        "variance": 0.8134714720193728,
        "range": 2.4801303084047035,
        "normalized_importance": 0.13224928348330184,
        "rank": 6
      },
      "mid_dot": {
        "variance": 12.42310268855391,
        "range": 10.994358374203227,
        "normalized_importance": 0.10277566527268313,
        "rank": 14
      },
      "death_economy": {
        "variance": 1.16046703960335,
        "range": 3.026036536725673,
        "normalized_importance": 0.1267314707365352,
        "rank": 7
      },
      "death_dot": {
        "variance": 13.49701451755081,
        "range": 9.38915988053363,
        "normalized_importance": 0.15310319235301753,
        "rank": 4
      },
      "pp_pct": {
        "variance": 360.52238038972257,
        "range": 55.93157795369015,
        "normalized_importance": 0.11524393691873996,
        "rank": 10
      },
      "mid_pct": {
        "variance": 593.9369534215717,
        "range": 61.87081315903893,
        "normalized_importance": 0.15515604442515746,
        "rank": 3
      },
      "death_pct": {
        "variance": 87.77532743515096,
        "range": 21.552299755869143,
        "normalized_importance": 0.1889666747219904,
        "rank": 1
      },
      "pp_wickets": {
        "variance": 36.84002177376905,
        "range": 16.17898619997905,
        "normalized_importance": 0.14073991003039832,
        "rank": 5
      },
      "mid_wickets": {
        "variance": 68.73992523575114,
        "range": 23.57309737635623,
        "normalized_importance": 0.12370172477578793,
        "rank": 8
      },
      "death_wickets": {
        "variance": 25.89204704899919,
        "range": 15.034426239054866,
        "normalized_importance": 0.11454936079400246,
        "rank": 11
      }
    },
    "cluster_profiles": {
      "0": {
        "size": 11,
        "avg_economy": 8.42,
        "top_players": [
          "KH Pandya",
          "RA Jadeja",
          "Ravi Bishnoi",
          "SP Narine",
          "PWH de Silva"
        ],
        "distinguishing_features": [
          "death_pct",
          "overall_dot",
          "mid_pct"
        ]
      },
      "1": {
        "size": 11,
        "avg_economy": 9.1,
        "top_players": [
          "Harshit Rana",
          "JJ Bumrah",
          "PJ Cummins",
          "TU Deshpande",
          "JR Hazlewood"
        ],
        "distinguishing_features": [
          "death_pct",
          "overall_dot",
          "mid_pct"
        ]
      },
      "2": {
        "size": 22,
        "avg_economy": 9.02,
        "top_players": [
          "J Little",
          "Harpreet Brar",
          "R Ashwin",
          "Washington Sundar",
          "DS Rathi"
        ],
        "distinguishing_features": [
          "death_pct",
          "overall_dot",
          "mid_pct"
        ]
      },
      "3": {
        "size": 24,
        "avg_economy": 10.2,
        "top_players": [
          "AD Russell",
          "Avesh Khan",
          "LH Ferguson",
          "Mukesh Kumar",
          "Vijaykumar Vyshak"
        ],
        "distinguishing_features": [
          "death_pct",
          "overall_dot",
          "mid_pct"
        ]
      },
      "4": {
        "size": 11,
        "avg_economy": 9.43,
        "top_players": [
          "Mohammed Siraj",
          "UT Yadav",
          "I Sharma",
          "JP Behrendorff",
          "DL Chahar"
        ],